{
"lengthUnit": "mil",
"components": {
	"fields": ["COMPONENT_NO", "COMPONENT_NAME", "LAYER", "X_COORDINATE", "Y_COORDINATE", "ANGLE"],
	"rows": [
		[1, "BT1", "B", 2925, -2075, 270],
		[2, "LED1", "T", 2930, -2670, 0],
		[3, "LED5", "T", 2290, -1525, 0],
		[4, "LED6", "T", 2620, -1430, 0],
		[5, "LED7", "T", 2925, -1635, 0],
		[6, "LED8", "T", 3235, -1430, 0],
		[7, "LED9", "T", 3575, -1525, 0],
		[8, "LED10", "T", 3690, -1830, 0],
		[9, "LED11", "T", 3515, -2175, 0],
		[10, "LED12", "T", 3255, -2435, 0],
		[11, "SW2", "T", 2545, -1795, 0],
		[12, "U1", "T", 2930, -2080, 270]
	]
},
"pins": {
	"fields": ["PIN_NO", "PIN_NAME", "PIN_X", "PIN_Y", "LAYER", "PIN_TYPE", "NET_NAME", "NET_TYPE", "PAD_SHAPE", "PAD_SIZEX", "PAD_SIZEY", "HOLE_SIZE", "PAD_ANGLE"],
	"rows": [
		[1, "BT1_1", 2456.5, -2075, "B", "SMD", "VCC", "", "R", 118.11, 118.11, 0, 270],
		[2, "BT1_1", 3393.5, -2075, "B", "SMD", "VCC", "", "R", 118.11, 118.11, 0, 270],
		[3, "BT1_2", 2920, -2075, "B", "SMD", "GND", "GND", "C", 551.18, 551.18, 0, 270],
		[4, "LED1_1", 2880, -2670, "T", "DIP", "PB3", "", "C", 47.24, 47.24, 27.56, 0],
		[5, "LED1_1", 2880, -2670, "B", "DIP", "PB3", "", "C", 47.24, 47.24, 27.56, 0],
		[6, "LED1_2", 2980, -2670, "T", "DIP", "PB4", "", "C", 47.24, 47.24, 27.56, 0],
		[7, "LED1_2", 2980, -2670, "B", "DIP", "PB4", "", "C", 47.24, 47.24, 27.56, 0],
		[8, "LED5_1", 2240, -1525, "T", "DIP", "PB1", "", "C", 47.24, 47.24, 27.56, 0],
		[9, "LED5_1", 2240, -1525, "B", "DIP", "PB1", "", "C", 47.24, 47.24, 27.56, 0],
		[10, "LED5_2", 2340, -1525, "T", "DIP", "PB2", "", "C", 47.24, 47.24, 27.56, 0],
		[11, "LED5_2", 2340, -1525, "B", "DIP", "PB2", "", "C", 47.24, 47.24, 27.56, 0],
		[12, "LED6_1", 2570, -1430, "T", "DIP", "PB2", "", "C", 47.24, 47.24, 27.56, 0],
		[13, "LED6_1", 2570, -1430, "B", "DIP", "PB2", "", "C", 47.24, 47.24, 27.56, 0],
		[14, "LED6_2", 2670, -1430, "T", "DIP", "PB1", "", "C", 47.24, 47.24, 27.56, 0],
		[15, "LED6_2", 2670, -1430, "B", "DIP", "PB1", "", "C", 47.24, 47.24, 27.56, 0],
		[16, "LED7_1", 2875, -1635, "T", "DIP", "PB2", "", "C", 47.24, 47.24, 27.56, 0],
		[17, "LED7_1", 2875, -1635, "B", "DIP", "PB2", "", "C", 47.24, 47.24, 27.56, 0],
		[18, "LED7_2", 2975, -1635, "T", "DIP", "PB4", "", "C", 47.24, 47.24, 27.56, 0],
		[19, "LED7_2", 2975, -1635, "B", "DIP", "PB4", "", "C", 47.24, 47.24, 27.56, 0],
		[20, "LED8_1", 3185, -1430, "T", "DIP", "PB4", "", "C", 47.24, 47.24, 27.56, 0],
		[21, "LED8_1", 3185, -1430, "B", "DIP", "PB4", "", "C", 47.24, 47.24, 27.56, 0],
		[22, "LED8_2", 3285, -1430, "T", "DIP", "PB2", "", "C", 47.24, 47.24, 27.56, 0],
		[23, "LED8_2", 3285, -1430, "B", "DIP", "PB2", "", "C", 47.24, 47.24, 27.56, 0],
		[24, "LED9_1", 3525, -1525, "T", "DIP", "PB1", "", "C", 47.24, 47.24, 27.56, 0],
		[25, "LED9_1", 3525, -1525, "B", "DIP", "PB1", "", "C", 47.24, 47.24, 27.56, 0],
		[26, "LED9_2", 3625, -1525, "T", "DIP", "PB3", "", "C", 47.24, 47.24, 27.56, 0],
		[27, "LED9_2", 3625, -1525, "B", "DIP", "PB3", "", "C", 47.24, 47.24, 27.56, 0],
		[28, "LED10_1", 3640, -1830, "T", "DIP", "PB3", "", "C", 47.24, 47.24, 27.56, 0],
		[29, "LED10_1", 3640, -1830, "B", "DIP", "PB3", "", "C", 47.24, 47.24, 27.56, 0],
		[30, "LED10_2", 3740, -1830, "T", "DIP", "PB1", "", "C", 47.24, 47.24, 27.56, 0],
		[31, "LED10_2", 3740, -1830, "B", "DIP", "PB1", "", "C", 47.24, 47.24, 27.56, 0],
		[32, "LED11_1", 3465, -2175, "T", "DIP", "PB1", "", "C", 47.24, 47.24, 27.56, 0],
		[33, "LED11_1", 3465, -2175, "B", "DIP", "PB1", "", "C", 47.24, 47.24, 27.56, 0],
		[34, "LED11_2", 3565, -2175, "T", "DIP", "PB4", "", "C", 47.24, 47.24, 27.56, 0],
		[35, "LED11_2", 3565, -2175, "B", "DIP", "PB4", "", "C", 47.24, 47.24, 27.56, 0],
		[36, "LED12_1", 3205, -2435, "T", "DIP", "PB4", "", "C", 47.24, 47.24, 27.56, 0],
		[37, "LED12_1", 3205, -2435, "B", "DIP", "PB4", "", "C", 47.24, 47.24, 27.56, 0],
		[38, "LED12_2", 3305, -2435, "T", "DIP", "PB1", "", "C", 47.24, 47.24, 27.56, 0],
		[39, "LED12_2", 3305, -2435, "B", "DIP", "PB1", "", "C", 47.24, 47.24, 27.56, 0],
		[40, "SW2_1", 2379.65, -1706.42, "T", "SMD", "VCC", "", "R", 74.8, 51.18, 0, 0],
		[41, "SW2_2", 2710.35, -1706.42, "T", "SMD", "VCC", "", "R", 74.8, 51.18, 0, 0],
		[42, "SW2_3", 2379.65, -1883.58, "T", "SMD", "ATV+", "", "R", 74.8, 51.18, 0, 0],
		[43, "SW2_4", 2710.35, -1883.58, "T", "SMD", "ATV+", "", "R", 74.8, 51.18, 0, 0],
		[44, "U1_1", 2822.13, -2005, "T", "SMD", "U1_1", "", "O", 23.62, 59.84, 0, 90],
		[45, "U1_2", 2822.13, -2055, "T", "SMD", "PB3", "", "O", 23.62, 59.84, 0, 90],
		[46, "U1_3", 2822.13, -2105, "T", "SMD", "PB4", "", "O", 23.62, 59.84, 0, 90],
		[47, "U1_4", 2822.13, -2155, "T", "SMD", "GND", "GND", "O", 23.62, 59.84, 0, 90],
		[48, "U1_5", 3037.87, -2155, "T", "SMD", "U1_5", "", "O", 23.62, 59.84, 0, 90],
		[49, "U1_6", 3037.87, -2105, "T", "SMD", "PB1", "", "O", 23.62, 59.84, 0, 90],
		[50, "U1_7", 3037.87, -2055, "T", "SMD", "PB2", "", "O", 23.62, 59.84, 0, 90],
		[51, "U1_8", 3037.87, -2005, "T", "SMD", "ATV+", "", "O", 23.62, 59.84, 0, 90]
	]
}
}